x0,x1,y,split
0.3770438287911187,0.5870232483994983,0.0,train
-1.2228652040045362,1.5141239392092707,1.0,train
-0.03628240045570897,-1.56213553385771,0.0,train
-1.217458582675224,0.15137249112608894,1.0,train
0.0721882682394469,0.5032391518564169,0.0,train
-0.6031492719208444,1.0668778424355754,1.0,train
-0.6669467111747204,-1.929020186290167,0.0,train
1.6680035658445638,0.21083085485472206,0.0,train
-3.35762417283752,-0.8992562682980698,1.0,train
1.4390534418154939,-1.6702153181395867,1.0,train
0.32728252978154876,-1.0433348119830947,1.0,train
-1.2983982912426981,1.1172861064020478,1.0,train
-1.3260692443316378,1.8625199065735683,1.0,train
0.8565946957375057,1.5711579153937707,0.0,train
0.33908122623726106,0.3832895039192332,0.0,train
0.29954182081751707,-0.8858771565189948,1.0,train
0.8901713540954939,-0.2623677090719195,1.0,train
-0.3920954066448906,0.28034227681467594,1.0,train
-0.5744996801747143,-1.2873306140434835,1.0,train
0.47120362810522204,-1.6972110083537477,1.0,train
0.3537309619257453,0.397344558856788,0.0,train
-0.9521665071393869,1.0126847674997776,1.0,train
0.5236067919436418,0.706838042416877,0.0,train
0.1626099960507817,-0.8562559731175983,1.0,train
0.5318291209233093,-0.24816441135843229,1.0,train
0.3026518356029621,-1.3197892885798375,1.0,train
-0.08961724740086431,-0.6850451054595507,0.0,train
0.19050675895301075,0.8516474808864357,0.0,train
-2.782464007587131,-0.11700856790858144,0.0,train
0.08302786754372221,0.37693522382926004,0.0,train
-0.12620382439469796,-0.23760157333974777,0.0,train
0.3141549548211324,1.2936012933797816,0.0,train
0.2717874909741021,-1.1931382938962,1.0,train
1.8863304548201527,0.04752644430405165,0.0,train
-0.3029744261145169,-0.9075398684915206,0.0,train
0.8810782794415735,-0.44628010491319,1.0,train
1.6636797140954518,0.13478146427104776,0.0,train
1.3178577491426293,-1.4063583378414224,1.0,train
-0.5298871792300482,-0.2850018943023585,0.0,train
1.1044179896549933,-2.8744934507073365,1.0,train
-2.084283720456457,1.5360332577872924,1.0,train
0.5209703103886674,-0.9105308735569778,1.0,train
-0.4537430038305327,-1.0531379741281426,0.0,train
-0.14192889418379415,0.03288948731111836,1.0,train
0.26206285975720744,-0.3231291821924604,1.0,train
1.275393895168583,-1.54784994357647,0.0,train
-0.11565427566148585,1.1931612455241576,1.0,train
-2.190861607312824,2.1582109566730847,1.0,train
0.48348768293443184,1.2037311214272044,0.0,train
-0.017596517387088974,-0.6543388950814415,0.0,train
0.8845044813012464,1.1512442082740313,0.0,train
-0.8061796345851092,-0.48259208510306606,0.0,train
0.5966067668379721,-0.43263589984723766,1.0,train
0.6174127123531712,-0.8056810502784112,1.0,train
0.28330807306049,-1.281750035600074,1.0,train
1.9980452948434853,-0.7834825841507739,1.0,train
-0.7740317489604086,-0.0628671134648207,0.0,train
-0.7384794321564137,-0.12637744549723626,0.0,train
1.1480183527274932,0.5440711356408995,0.0,train
0.5586635569642407,0.7430055993123503,0.0,train
-0.6659778847963971,0.8664549770212762,1.0,train
-0.849297225373011,0.305532933579118,1.0,train
-1.3308567315955837,-0.6158383165941829,0.0,train
0.7084665763583439,-1.7423836125679428,1.0,train
-0.7558969261330671,-1.138158578228885,0.0,train
0.6508786647027541,-0.90832414800977,1.0,train
-0.5227353715503126,0.2270241112421123,0.0,train
-0.1063380357031022,-1.0723957680013734,0.0,train
-0.4216805580914858,0.40464906283091534,1.0,train
-1.02853944555692,1.2193197243523504,1.0,train
-1.3188818637166178,0.8693956688020074,1.0,train
-0.4267102861671481,0.7890802651317833,1.0,train
-0.7485515429944558,-1.1089014996142235,0.0,train
1.5328777830201072,0.0847544005496946,0.0,train
0.4196260110960092,0.0679023308575751,0.0,train
0.49204385927820277,-1.53774773323375,1.0,train
-0.514015195790061,-1.750946711413566,0.0,train
-0.2041302862528523,-0.22285075323651563,0.0,train
0.8546475553962707,1.3559337185480267,0.0,train
0.5551798456158479,2.1017652324950618,0.0,train
-0.14482721497273374,0.6070603107096961,1.0,train
-0.1793595451375652,0.9029895858540602,1.0,train
0.461879970733405,-0.7033358062485999,1.0,train
0.7995151644812036,-0.4645495599777235,1.0,train
0.6924393518716394,1.2694419800440755,0.0,train
0.15890358593808857,0.8927904121809179,0.0,train
-0.02210389085598193,2.5210689218959437,1.0,train
-0.5020363903465287,-0.01593445897049349,0.0,train
-0.28447443976045533,1.1920462582586027,1.0,train
-0.42170394210619794,-2.0933426726139297,0.0,train
-1.3633977989941908,1.1264750673252564,1.0,train
0.05866156733746565,1.7985216035356646,0.0,train
-0.6634194362401843,0.19619099116320848,1.0,train
0.7009265526435673,-1.5089445924560971,1.0,train
-2.9077730875142747,-1.0993340021843567,0.0,train
1.2413516956909296,-0.08656717290394228,1.0,train
0.944927611502214,-1.311625295786664,1.0,train
-1.8137177742402628,-0.7202916130080272,0.0,train
-1.1161143819066897,-0.900122791619856,0.0,train
-1.341720816624982,1.472201928778529,1.0,train
2.2383568411103685,-0.10661920444505779,1.0,train
-0.3514681303889158,0.41274857194806985,1.0,train
-0.14040065084286463,1.0266801442105997,1.0,train
1.4332566403196572,-2.250247074418402,1.0,train
-0.7673368530042008,0.4879676780720897,1.0,train
0.19150137871821118,-0.7998568260853728,1.0,train
1.1435292977064686,-1.7075174337313181,1.0,train
-0.17001558783412102,0.251097440896383,1.0,train
0.8917225636892242,-0.47233073416853705,1.0,train
1.2599889552672336,-0.04305856451015555,0.0,train
-2.8343567884938285,1.1554220638202026,1.0,train
1.2627819785435932,0.5870878965316262,0.0,train
0.30500057005556525,-0.7115838260003434,1.0,train
0.1447612147025284,0.8067218033591423,0.0,train
-1.1804285533014622,-0.04608832134335882,1.0,train
2.244493859029837,0.5520355471552663,0.0,train
1.1418407904101253,-0.3024111166005401,1.0,train
-0.49352275657110967,0.02078834405999441,1.0,train
-0.9552086193987922,-1.5545085541340125,0.0,train
0.06797114720941799,-1.3595646457283244,1.0,train
0.28611242336018894,-1.7197721331654385,0.0,train
-0.2053238989325152,0.589869057388543,1.0,train
1.2856113318446725,-0.3410516035014408,0.0,train
-0.931399534212986,0.7505556842349566,1.0,train
-0.187134556618735,-0.030092249869877567,0.0,train
-0.02805169413792808,-0.8752451051989473,0.0,train
-1.0987281501977877,-1.5452366831423303,0.0,train
1.4116373558708704,-0.955631384887494,1.0,train
-0.9503350222496241,-0.4026809899854858,0.0,train
-1.6773906413195445,-0.017302253072234614,0.0,train
0.1191776447319173,-0.9590197561596515,0.0,train
0.028116108585870606,0.28247885074585494,0.0,train
-0.7518186917734565,-0.30242666349192765,0.0,train
0.5838875828011159,-0.4120930039891163,1.0,train
-0.1207565204812908,1.583005381045439,1.0,train
-0.5191090205198727,0.7143438473852599,1.0,train
-1.5046162834915797,0.8317202811311275,1.0,train
-0.35577916607371035,2.9989591647881335,1.0,train
0.3515962090803749,-0.7180001519234294,1.0,train
0.3856555044443107,0.2365177918453308,0.0,train
1.4550793807876652,-0.916048586561024,1.0,train
-1.403862781226778,-0.6574830528366468,0.0,train
0.9418738564406847,1.1230064392794268,0.0,train
0.26512305513705026,-0.4958614280789524,1.0,train
-1.6681246833339956,-0.27719552785995333,0.0,train
-0.921207359831635,-0.9972000948362018,0.0,train
-0.6816753039933681,-0.2578946867597693,0.0,train
-1.344212804927953,-0.3598796297565761,0.0,train
0.6677453651515851,0.295736613182777,0.0,train
-0.4009086379141729,-0.43568383707273756,0.0,train
-1.0244405679200796,2.4331850237265455,1.0,train
-0.9023204923708201,0.39512858209592144,1.0,train
-0.261118213192944,0.0653241650886598,1.0,train
1.485698853175832,-1.1390285457541096,1.0,train
-0.4117466436992908,1.2562794622258127,1.0,train
-0.36824699630704144,0.00040624828951300206,1.0,train
-0.816954219710977,-0.4213126407388713,0.0,train
2.1018931237437686,-1.2046474593482324,1.0,train
-1.8200564485436797,0.9509949572323245,1.0,train
0.666135542337234,-0.24140237340074505,1.0,train
-0.17513305703319712,0.6570854123040374,1.0,train
0.5964992473853273,-0.6715776126228062,1.0,train
-0.08150567258407479,0.3937874694391417,1.0,train
0.16369444213421536,0.18344095562028176,0.0,train
0.8991608925144426,1.3221313241770067,1.0,train
-1.7518094155188917,1.666563905760657,1.0,train
0.4483165609933418,-0.0010826491312656737,1.0,train
-0.8637906737706725,-0.21165780508024298,0.0,train
0.9896808516519574,0.016708788277317217,0.0,train
-0.5563812240967291,-1.1170232377756086,0.0,train
1.119396709968425,-0.13312908562853312,1.0,train
-2.072997497206813,0.44029198459979585,1.0,train
-2.138215918511212,-0.9328589743362857,1.0,train
-0.9912208718036067,0.7184563351301761,1.0,train
0.8196596559527828,-0.6460987438350265,1.0,train
0.8376957458717651,-0.4208462746769773,1.0,train
0.09486489752257772,1.3464596838455758,0.0,train
-0.6917394888341222,-0.47527718653557655,0.0,train
1.0442139410344204,0.48103637014969486,0.0,train
0.8216766049177208,-1.0783317045233443,1.0,train
1.49332265267973,-0.6894711093071006,1.0,train
0.32492087657875124,-1.0781048255369947,1.0,train
0.0790684328996949,-1.5075473658935443,1.0,train
-1.0517827921375098,-0.005742592564135717,0.0,train
0.86088667697866,-0.27817935084316403,1.0,train
1.3381835661599284,0.03140539203108634,0.0,train
0.948182501201377,0.3175175586256533,0.0,train
-0.4528281035971735,0.05480180540052576,1.0,train
0.7764593753829944,0.08677649241725245,0.0,train
-0.01777362626691744,-0.6083641559052616,0.0,train
1.143953022020119,-0.5234315612274425,1.0,train
0.8065949233716962,0.5542497562186878,0.0,train
0.7434656649397372,-0.22199443474332237,1.0,train
0.3279912286053451,-0.841411899492921,1.0,train
-0.7553297875615568,-0.7654598870271739,0.0,train
2.3964869508622155,1.2802792478009366,0.0,train
-1.4655325350777428,0.2514546612160388,1.0,train
-0.8689980369925634,-1.7853707930926648,0.0,train
0.36490912685979954,1.1294794618202213,0.0,train
0.07970790037076021,0.775149780091741,0.0,train
-0.3074330339790934,0.7439682649108338,1.0,train
0.10092880463345959,-0.6747399899478065,1.0,train
-0.8075671688722298,1.1646777269777575,1.0,train
-1.2361041193758364,1.604512921969233,1.0,train
-0.4002646702694376,0.5693155282864246,1.0,train
-2.371764866759458,0.45354541155872136,1.0,train
0.5686410442319332,0.40350699012289115,0.0,train
-0.7503211269018005,0.7379595781849261,1.0,train
0.008398746117791631,0.8283117736398131,0.0,train
-0.2412752180268614,-0.9850674262294132,0.0,train
1.0826989797752211,0.8958164548547302,0.0,train
-0.28218438719029976,-2.0671887049813695,0.0,train
-0.7279504297165754,-0.14369761473860432,0.0,train
-0.06899900126155568,0.20553715859038935,1.0,train
0.005136776391818335,1.1989865935611224,0.0,train
-0.6025655604102071,-0.37793000616289096,0.0,train
-1.1104263790123121,-0.7129539627016083,0.0,train
1.1147420862843804,-1.112053458611719,1.0,train
0.2745111078864378,0.8090894212013676,0.0,train
1.6240006352169625,1.5319425726125695,0.0,train
0.5381097649125192,0.2442867693567916,0.0,train
-0.5796037470066381,0.12493961273487145,1.0,train
-0.63523847323344,-0.6700520102336487,0.0,train
-2.161802006776495,1.8330253413646818,1.0,train
-0.5568855244331329,0.7515725514994436,1.0,train
-0.342785607807698,2.5530980833462764,1.0,train
0.3292222244610584,1.0642744378960889,0.0,train
0.5355502314107065,0.9204141475450028,0.0,train
0.6179610167370736,0.21589094215767116,0.0,train
1.554687186835795,0.9118244522632105,0.0,train
-0.35162531927948903,1.578806618329329,1.0,train
1.795469107968024,-0.7442858160477555,1.0,train
1.4526523252440717,-1.044118518353849,1.0,train
-0.3691832872422103,-0.596371805083942,0.0,train
0.16971578932687595,-0.654367557339883,1.0,train
1.2839258379975298,1.161535190803264,1.0,train
0.18058743112166653,-0.8259932960085551,1.0,train
0.42421852849279496,-1.4062019079532366,1.0,train
0.11502523486525493,0.17894206307975913,0.0,train
-1.0253411707163111,1.117110326112411,1.0,train
-0.617241071627886,0.554364503289906,1.0,train
-0.4121678912349731,-0.023380289335026696,0.0,train
0.8887509188336574,0.09604427892808082,0.0,train
0.10397117471520273,0.6317280647877563,0.0,train
0.7721516212246093,0.052677393695978625,1.0,train
1.2033541477453613,1.4577547656147576,0.0,train
0.6138205071341164,1.6284091870556667,0.0,train
1.199998362969779,-0.9138485716225557,1.0,train
0.0041980864302142585,0.406289555302125,0.0,train
0.18675835347410719,-2.0254649689983375,1.0,train
-0.5809151938268727,0.04014588092385963,1.0,train
-1.5664097448899854,-0.3494660590132551,0.0,train
1.5991171797539767,-0.09273599667813585,1.0,train
1.4719001945649568,0.5915156653601593,0.0,train
-1.5989390577104383,2.068655115532913,1.0,train
-2.782572616631346,0.6581733215579909,1.0,train
-0.45614308714368274,2.023393041417437,1.0,train
-0.377245855855381,0.004888332224422677,1.0,train
1.7432446730667635,-0.07519086747213814,1.0,train
-1.7075455484067623,1.42406842034874,1.0,train
1.715728952419622,-0.8263401817157474,1.0,train
-1.0094794389132864,0.25561469431891076,1.0,train
-0.8058676001263502,-1.0272774404689775,0.0,train
-0.309021460031455,-0.44903207482346064,0.0,train
-0.29170247433267144,-0.8501128671210871,0.0,train
-1.0532867870170313,-0.8599336086073903,0.0,train
0.8929651568078246,1.9222942584721838,1.0,train
-0.0375793116920125,-0.05725117128566502,0.0,train
-0.9406610795562013,0.021362133562780525,1.0,train
-0.18168060173068504,1.690617503470447,1.0,train
0.08653355719899512,1.1075708151511008,0.0,train
-0.5750167002688888,0.1663391176437469,1.0,train
-0.9648082631356802,0.03952025781553414,1.0,train
0.04104988220736357,0.012517693395398394,0.0,train
-1.0185165180973939,1.600334275334011,1.0,train
0.7654249470598166,2.0843190355969683,0.0,train
-0.8527186893279796,0.32825323545748847,1.0,train
1.2632609052821069,0.1854116309121873,0.0,train
-0.028228152256163194,-0.8085581158541659,0.0,train
0.24650470344447026,-0.004092008269481126,0.0,train
0.11675857264845807,-1.9766338796839058,1.0,train
1.3613859890697235,-0.7646803809100088,1.0,train
-0.47208005749320037,-0.5123230123714401,0.0,train
-0.6882916606875001,1.4933197152127746,1.0,train
1.025129077957401,-0.18340288938146773,1.0,train
1.7936953127288904,-0.1911605692461482,1.0,train
-0.809117182601313,0.4553494806356338,1.0,train
1.1173749947980518,0.17213210773112647,0.0,train
0.8356229048174845,-0.131704193996873,1.0,train
-0.4590186012685543,1.3711765770676525,1.0,train
-0.817509853971225,0.13023552910310582,1.0,train
-1.1644112371866315,0.4936851907588934,1.0,train
-0.004269433599829935,-1.081140731520687,0.0,train
1.0547073176331792,1.5410842379213556,0.0,train
-0.6742294014873834,-1.587205070220376,0.0,train
-0.38209000609273747,1.1627573657603376,1.0,train
-1.3439507782773896,-2.4832362758618247,0.0,train
0.2661923733959751,-1.2258356195376408,1.0,train
-0.2623115288217481,0.13234916618034623,1.0,train
0.5747726404829159,-0.18390939389735425,1.0,train
-0.443061007772003,1.711449614109102,1.0,train
0.0802757899698135,0.6682987836229608,0.0,train
-0.5018685962104792,-0.9304413610154346,0.0,train
0.6017519063786592,-0.11128210757661124,0.0,train
0.6429608799443699,1.4152785164110941,0.0,train
0.19090732428422919,0.274209748696575,0.0,train
0.8540432994292212,0.33528436133356276,0.0,train
1.5277980443181152,1.6322779423220384,0.0,train
-1.771723844149967,1.0407100166779772,0.0,train
-1.5025314621770465,0.029985486117121245,1.0,train
0.048456297220395676,-0.6967563395277386,1.0,train
-2.428342966190678,0.44674677886147207,1.0,train
-0.04750237331450378,-0.17354460411284675,0.0,train
-1.803913614567937,-0.9811553255395274,0.0,train
0.2190904348911318,-1.7541317797599465,1.0,train
-2.5191371144881503,-0.0905224377316588,0.0,train
-0.31954807421303466,0.3035014121145062,1.0,train
0.06934020369704064,1.0580043967313157,0.0,train
-1.387023099401924,0.1939887848553963,1.0,train
0.9063976122928643,0.6971501037823782,0.0,train
0.40490731013461184,-0.7359886121659966,1.0,train
-0.9315425238480444,1.5807680337440717,1.0,train
0.49810760013828054,1.3921220157611982,0.0,train
-0.19604779260416097,-0.7619755954340007,1.0,train
0.16528181376313988,0.681129885944552,0.0,train
0.38415272153734775,-1.3826791679993293,1.0,train
-1.4898333631705207,0.9339562580753643,1.0,train
0.43855212878561534,0.48640541524954295,0.0,train
-1.3417078316250617,-0.07018087025672215,0.0,train
0.7281690652283365,0.25938423813411904,0.0,train
-0.4924644464740634,0.823876283206316,1.0,train
0.9382855975529972,-1.2606246209469145,0.0,train
-0.6991442689618009,2.209960408230368,1.0,train
-1.172116017041572,0.1763512371083584,1.0,train
-0.9844220712602,1.2682484046614262,1.0,train
0.3278619094561153,1.0693765848932044,0.0,train
0.13932459736995426,0.5494763451736818,0.0,train
2.132470669913021,0.6870359720356622,0.0,train
0.27814041686124524,-0.5318325755573098,1.0,train
-1.7988200822880447,-0.5195018877166308,0.0,train
-0.5206855743925193,-0.9330646501055399,0.0,train
1.0558997615366332,0.494000287911376,0.0,train
1.1191283460184722,0.573169168641879,0.0,train
-0.6754707867842809,1.083633927936285,1.0,train
0.1509879524434868,-0.13253462693169032,1.0,train
0.901750966448015,-0.43781109894942843,1.0,train
-0.6856252453755496,0.3181766568764208,1.0,train
-0.4268691951142177,0.2501033132465425,1.0,train
-1.0219256211597048,1.5715944308478917,1.0,train
0.4339494850333986,0.9020812572240251,0.0,train
0.6755871596088409,-0.4076529453902972,1.0,train
-0.5321452424195732,-0.9316119495869533,0.0,train
0.01791626404212406,-1.2549825173162918,1.0,train
-0.26901845254990886,-0.564320558317663,0.0,train
-1.6082922309525098,1.0282609448880087,1.0,train
0.6051925714611632,-0.5439361967837164,1.0,train
-0.49924539031056214,-0.7907262761364273,0.0,train
-0.10767547834658309,0.1254850154994045,1.0,train
-0.21424525587940169,0.7699299536894201,1.0,train
-1.4145215015999284,-0.6254073971865753,0.0,train
-0.9243348727175005,-3.33925093196073,1.0,train
0.9637256806932984,-0.45003556814148193,1.0,train
1.472490036338985,1.322767620423044,0.0,train
1.4114958561052633,1.1394643159429638,0.0,train
1.268244121716515,-1.9653156079366518,1.0,train
0.377525367941561,0.2299703074896597,0.0,train
0.5650363313975172,0.6759668735753046,0.0,train
-0.7528367928521198,-1.4083701792742764,0.0,train
-1.0412225161946083,0.06340907362238656,1.0,train
1.5565552441418342,-0.8882498558738637,1.0,train
0.10368930409975427,0.7801269267791017,0.0,train
1.5020699001833266,1.7213889483199258,0.0,train
0.8531674063700949,-0.39326318160450674,1.0,train
-2.331840288447898,-0.7941198362425426,1.0,train
-0.28587048932364517,-0.6123002643249487,0.0,train
0.3192450328095129,2.168994754430202,1.0,train
0.001193962178182855,0.7559787327510857,0.0,train
-0.19695608649903473,-0.8817769601982527,0.0,train
-0.0606591339870139,0.041565184007685885,1.0,train
-0.46853288951358646,-0.1839360587329414,0.0,train
-1.349416959150099,0.3469079880995505,1.0,train
-0.1587489495861431,-1.5715592296514271,0.0,train
2.3028224595800917,0.21534205337943763,0.0,train
-1.2237998905126726,-2.05845581562664,0.0,train
-0.293869536172567,0.5676389422135732,1.0,train
1.280115203533983,0.2280733595094377,0.0,train
-0.19311501899536695,-1.3156342125615088,0.0,train
-2.031788750748107,0.7764654180503053,1.0,train
-0.3990192838226914,-0.037647527809712054,0.0,train
1.0634426753415926,0.4269680584312433,0.0,train
0.9469974959465772,0.2596893461038061,0.0,train
0.6190461525451586,-0.34902958363642034,1.0,train
0.2593273124214329,0.7193592529349179,0.0,train
-0.4788415303483988,0.8876641051648191,1.0,train
-1.6506005968446404,0.8354497997684424,1.0,train
0.903503137390121,-1.010562886101789,1.0,train
-2.3494834030842116,0.8852878473925743,1.0,train
0.4725525583527277,0.8717707662151971,0.0,train
-0.49232974945855806,2.0392733690807643,1.0,train
-0.35268139078898775,0.7600218309166383,1.0,train
-0.22441978488487546,0.30193873188157316,1.0,train
0.1626081997521998,-2.3871828730157225,0.0,train
-0.6675995622278745,0.03599258742820989,0.0,train
0.4990939011450121,1.3480936350686639,0.0,train
-0.3042743037551377,0.7322185203395625,1.0,train
-0.4836311870872135,-0.17659146548607818,0.0,train
-0.6605461421070972,-1.95838146552504,0.0,train
0.6136556914478489,-0.25953799660421195,1.0,train
-0.3004812685938022,-0.11622201338974347,0.0,train
-0.3205019673795659,0.045879663932854156,1.0,train
-0.9672388040290211,-0.9336646298439825,0.0,train
-0.23293032030862704,-1.5897239315572236,0.0,train
0.5793851112298443,-0.1875309442192221,1.0,train
0.22287302106669454,1.2166636292774162,0.0,train
0.7830322016987646,0.8923622217580659,0.0,train
-0.7306198390549883,-0.3901396133948672,0.0,train
-1.0455857617691782,-0.15935748353912696,0.0,train
-1.9984766325503025,0.4941833156479027,1.0,train
-0.01717147757323508,-1.107106518690666,0.0,train
0.015757379966173355,-0.08146872022239153,1.0,train
0.07849557698996393,-1.2944707507608468,1.0,train
-0.8204489344221914,-1.127877804872469,0.0,train
0.10899123661218998,0.5077022025970646,0.0,train
1.9996121589498808,-0.2061459296843058,1.0,train
-0.032106203347562,0.45589212053320344,1.0,train
-0.5181469476748637,-1.2171219124820125,0.0,train
0.5854306897176776,-1.063959043799499,1.0,train
-2.9970528534609966,-0.2650643031307902,0.0,train
2.576129221610933,2.3725994609415966,0.0,train
0.9236674503163549,-1.5280329111073059,1.0,train
-0.4384931143396268,0.06772898966423949,1.0,train
1.5865430835375818,-1.189260482574398,1.0,train
0.05025001627861391,-1.6974819809085133,1.0,train
0.23610560620458015,-0.8202528374709982,1.0,train
-1.1138939184512016,-0.4370552353375356,0.0,train
1.2885853308595332,1.2349050151845953,0.0,train
0.2665667747110219,2.050081747574495,0.0,train
-0.137965220351632,-1.639348220845745,0.0,train
0.9753979199035694,0.025371926873128597,0.0,train
-0.30631548412129117,-1.707697024391565,0.0,train
0.848926871045922,-0.10444312355267514,1.0,train
-0.47276303512248763,0.6621538342507083,1.0,train
0.3457230226856643,0.7236154684185494,0.0,train
-0.20886495695682097,0.32729821512396967,1.0,train
0.44906672056029584,-0.9615732746634373,1.0,train
-1.0111376245933574,0.24830077283034785,1.0,train
-2.594357633967275,-0.24835157620892012,0.0,train
-0.7466370368761807,-1.106023136008034,0.0,train
-0.8909122661721497,0.3848106708792372,1.0,train
1.0876620342147665,0.7581394520531723,0.0,train
0.1405572494693323,2.6100952523340326,0.0,train
0.18949196268011162,0.6945230559484741,0.0,train
0.40644350702455423,-0.5938919290667053,1.0,train
-0.14543318827443344,-0.7055836404486379,0.0,train
-0.2447487971683123,0.42102664912533516,1.0,train
0.39131291589101846,0.7931067844011206,0.0,train
-1.6360647333358393,-0.8794063216838981,0.0,train
0.5526156668890924,0.13937625700930611,0.0,train
0.9038567702297913,-0.3656361596404832,1.0,train
0.5200128622313248,1.2670884959101434,0.0,train
-0.06317052059078392,0.33261968797170627,1.0,train
-0.466004677440687,-0.8147494145319152,0.0,train
0.15269732674144512,-0.10698582213793092,1.0,train
2.757085713700111,-1.7766320053056959,1.0,train
1.3062483700190954,0.7552026211838623,0.0,train
-1.1874165677097885,0.3718230744285113,1.0,train
-0.6495035806015989,0.2851703203375875,1.0,train
-1.4543145001107116,-0.6427067647608332,0.0,train
2.217277532240821,1.0743445705488721,0.0,train
-0.20421274691153893,-0.1695626732276614,0.0,train
2.447787088303313,0.09281094015900124,0.0,train
0.5218872052111491,-1.0433829649972874,1.0,train
-0.38435637567649716,0.21599597388904154,1.0,train
-0.3177201010984904,-0.381197124260739,1.0,train
0.4339304641904164,-0.8890373553592402,1.0,train
-0.96776348995011,-0.5861967176476364,0.0,train
0.7906319206338001,0.07328792459812077,0.0,train
1.9878778254001834,0.910135090617643,0.0,train
-0.03065357455223926,-0.5150632373565127,0.0,train
-1.2800858922673828,0.7305477616583614,1.0,train
0.578138869862179,-2.388710147685035,1.0,train
-1.0807810012804295,-0.38113802689676424,0.0,train
-0.6140943796939156,0.7625751334261185,1.0,train
0.6738209102959823,-0.11481661038202334,1.0,train
1.3115645307946668,-0.4024913080526684,1.0,train
0.7461925425089538,0.19195703678350226,0.0,train
-0.12636346230871084,0.10266862193425717,1.0,train
-1.529974549798829,-1.6153311227922635,0.0,train
0.14746384972108467,-0.5755701524080362,1.0,train
-1.3210185716299205,0.061713597737878205,1.0,train
0.8150231322189704,-0.417749206305942,1.0,train
0.2551506596519586,0.3195502346236948,0.0,train
0.042485997525069735,0.45083411042549243,0.0,train
0.40745207935626515,-0.6242315047011266,1.0,train
-0.4493268331650721,0.25011854578604586,1.0,train
-0.7963306891627432,1.7957407568103518,1.0,train
0.27969932612852433,-0.5724853095396517,1.0,train
0.6483129700226982,-1.9741229584054742,1.0,train
0.672982848332693,-0.44930297040820644,1.0,train
0.8674269213904088,0.2532605121109133,0.0,train
0.02643691146362042,-0.7766301150969742,1.0,test
-0.8426270286510814,-0.8568299453820581,0.0,test
1.4473938873147991,0.7761053820742126,0.0,test
1.3283001875273126,-1.4391699120192376,0.0,test
0.15728323983208958,0.9008624977291154,0.0,test
0.33487948142478324,1.248632154388314,0.0,test
0.2888947288981574,0.22773692201777307,0.0,test
-2.0225057725627864,2.5967581245749423,1.0,test
-1.5967561040977856,-0.1325466902780117,0.0,test
1.257879565374598,0.011240607778285835,0.0,test
0.33767772251087763,-0.018460672488668367,1.0,test
-0.640448671090185,-0.22654420572849004,0.0,test
1.1942876769997377,0.5610893405575674,0.0,test
1.3167331244069975,1.3529467691895438,0.0,test
1.0298220021323528,-0.3861457570353236,1.0,test
1.8003088792017585,-1.5175694683862049,1.0,test
-0.7959193545837187,0.012813329965920038,0.0,test
-1.2914904275729429,-0.5397615881792499,0.0,test
0.3330197900152417,0.01707441553253374,0.0,test
0.5730824246750988,0.5159795003305937,0.0,test
-1.9184912081386336,0.06957949837071795,1.0,test
-1.2362507155078686,1.2142860534968762,1.0,test
-0.43108164705906166,1.0181488961063005,1.0,test
0.3202496307520381,0.0988123894345698,0.0,test
-0.24232956341779002,-0.008381051981841268,0.0,test
0.5242184240165314,-1.0359668927438255,1.0,test
0.3673390234807958,-0.5620630498502592,1.0,test
0.6655872283980464,1.8583630150812505,0.0,test
1.1485358210270957,1.8498258170355777,0.0,test
0.7257160221840104,1.3641299603984767,0.0,test
0.8004823718526509,0.38203710520914685,0.0,test
0.3403971029068471,1.031947490662312,0.0,test
-0.07762110190531618,-0.4694255875058931,0.0,test
0.12986663275738977,0.2422548588888074,1.0,test
0.6864271456876765,1.650540000768216,1.0,test
0.13315623806414162,1.316116172809729,0.0,test
-0.16948005373920635,1.3364926532247623,1.0,test
0.6751487629916847,1.9106036178294565,0.0,test
0.6171404325067894,0.23899299418841427,0.0,test
0.055388770432506146,0.4030781672614979,0.0,test
-1.3173003728703743,-1.1548637823252417,0.0,test
-0.9261804508391612,1.0623000691625166,1.0,test
-0.06615499335610191,-0.007155962248081759,0.0,test
2.175511693958631,-0.766800494957123,1.0,test
-0.8653113069591423,0.16426466912615398,1.0,test
0.909635799407159,0.0720152155937789,0.0,test
-0.9430238289320888,-0.009270037081337754,0.0,test
1.2462598953888566,0.2611848288718024,0.0,test
1.4014791759187235,-1.3917075534508192,1.0,test
0.0641487738436788,0.1449922019324199,0.0,test
0.10450921528801778,1.3097328729982207,0.0,test
0.24203449467730695,-0.2260814573083918,1.0,test
0.853560136768036,-0.2947867689698415,1.0,test
-1.217293654103744,1.1945694434593876,1.0,test
-1.4297072826671482,1.1979360114442401,1.0,test
0.24667999663852114,-1.5723763042011862,1.0,test
1.422126527678093,0.5257441779805954,0.0,test
-1.1876020987635252,-0.2168303354213834,0.0,test
0.0015362067105452503,0.10969497802875396,0.0,test
-0.05132315043507252,-2.138855582051697,0.0,test
-0.08911279695073807,0.3382050824407175,1.0,test
0.1415547018091147,-0.3774672965642844,1.0,test
0.0855421106098873,0.27923783619893655,0.0,test
0.9193184613140131,1.1182402750746503,0.0,test
-0.055507919536346664,1.4694692118373716,1.0,test
0.6085237296663084,1.0000513346295339,0.0,test
-0.6420154866477361,1.033629109449183,1.0,test
-0.33903579579440524,0.14782127680433468,1.0,test
-0.8314415208163608,1.0585937046632836,1.0,test
2.1350502665831983,-0.16519309297421986,1.0,test
0.6589966170120374,0.047759816190066126,0.0,test
-0.39556485924516993,1.1329568925412201,1.0,test
0.4067026016998777,-1.2672096502441657,0.0,test
0.07869441638681245,-0.1122965830952978,1.0,test
0.20574123790235033,0.054096268836939174,0.0,test
-0.05266921030972548,-0.04280342719611835,0.0,test
-0.7329864432825568,1.2027821521590587,1.0,test
1.0289082906571174,-0.5121474502342878,1.0,test
0.24491462580266632,0.2773684475939433,0.0,test
0.9248136807359953,-2.7242009422618954,1.0,test
-0.30894809271422,-0.7888843343620574,1.0,test
0.8158447097583195,-0.20945151024238917,1.0,test
-0.7704714207879714,0.15716384538004874,1.0,test
-0.017270800387662443,-2.0900858282617927,0.0,test
-0.6726309237165429,-1.345699859673943,0.0,test
-0.8305054258408271,0.6344851162859197,1.0,test
0.4421232931214943,0.26430745947218526,0.0,test
-0.1581332396783355,0.06672523509107056,1.0,test
0.5811843536949932,-1.1724186561446677,1.0,test
0.27402598914815063,0.8614901283779429,0.0,test
-0.9127262749088146,-0.27348028120920936,0.0,test
-0.7050638472855121,-0.03423537571928451,0.0,test
0.3157425669141529,1.8171642574814795,0.0,test
1.446529962280022,1.4952963007554374,0.0,test
0.1696697416410711,-0.7743104881263325,0.0,test
-0.8203701978648656,0.7248056777089251,1.0,test
-0.6241538569628264,-1.9752147962770072,0.0,test
-1.0577034753974264,0.8133033671255804,1.0,test
-0.02095862191869798,-0.7739316413516746,0.0,test
1.3263902474386124,-0.402028529072813,1.0,test
0.5885960978293214,0.8678135102184584,1.0,test
1.4811565306678416,0.46786579910175996,0.0,test
1.928549916148829,-0.9470126887477085,1.0,test
0.7650469419136146,0.27550658284320756,0.0,test
-1.469895427438462,1.9004327303333584,1.0,test
-1.2322674551545514,-1.0945275955154012,0.0,test
-0.13923441960980182,-0.5037244141520235,1.0,test
1.1400254952064228,0.36015846190850104,0.0,test
0.32358242431206363,0.3362930595244917,0.0,test
-0.8440534176130333,0.5805968293724172,1.0,test
-0.7119542938693013,0.17088553922018276,1.0,test
1.0225036463691979,-0.46340593019162907,1.0,test
-0.9541353036509536,-0.30351928143745033,0.0,test
-0.028734198993027794,0.5449656312255601,1.0,test
0.8503410713636448,1.2211876403009945,0.0,test
0.10965032532520211,0.6603183856335967,0.0,test
0.42133116751656174,0.07980206456558693,0.0,test
0.6745807100968544,-0.0002335838820013281,1.0,test
-0.47493112228013,-1.2419325194439648,0.0,test
-0.598515909445544,0.9099200873637714,0.0,test
-0.04920450004677119,-0.7379121773741637,0.0,test
0.20084216989845113,-0.050367529073830346,1.0,test
-0.20888747770434005,0.6319219284415227,1.0,test
-0.8368027241458513,1.4341318495176285,1.0,test
0.3427943946265489,0.8955426785388947,0.0,test
0.9109758040297041,1.275435777228907,0.0,test
1.480211766008442,1.0440926466491922,1.0,test
0.6543435422000209,0.49338341794361,0.0,test
0.7317312737752371,-0.4964471015876737,1.0,test
0.15510796515914568,0.8216090011218407,0.0,test
-0.7276658628620623,1.1939395673464328,1.0,test
-0.09209812507137456,-1.7717551860188054,0.0,test
-0.6789756868858865,-1.068723817854037,0.0,test
-2.021192558369687,-0.19600782772543407,0.0,test
-0.24428650585338652,-1.41189247058743,0.0,test
-0.3122162883860017,-1.3416939984074734,0.0,test
-0.9535918665184151,0.5638155962216,1.0,test
0.36773367819103275,-0.9439330102770067,1.0,test
0.1325099891694928,1.1096205167351023,0.0,test
0.05301309940303969,-1.035503016258855,1.0,test
-0.37267543682539395,0.9216752823393487,1.0,test
-2.5981704357856867,-0.10656985979132387,0.0,test
1.671657974633148,0.2774989814622106,0.0,test
-2.696698586564823,2.40112266594968,1.0,test
-0.11575068657009309,0.960206208567497,1.0,test
-0.027260592343166502,-1.301410358508143,0.0,test
1.1979918614550678,-0.04621763420322612,1.0,test
0.49183978795021055,0.4028441774368071,0.0,test
0.730866916140343,-0.20018282023682218,1.0,test
0.6623444978181539,1.4751186151637077,0.0,test
-0.6439250077037899,-0.6285518999363685,0.0,test
0.343447066551486,0.2765338622610557,0.0,test
0.8403643282125904,1.6035279297676606,0.0,test
-0.09121591345349746,1.0122160484048275,1.0,test
-2.298914925274272,-1.1970164301994282,0.0,test
0.04854702606031064,1.584976117367688,0.0,test
-3.005818047642164,0.7879918786008231,1.0,test
0.7952659562250468,-1.6746586240363075,1.0,test
-0.6696206233898833,0.832688680760374,1.0,test
-2.214618836255519,0.23773725404753324,1.0,test
0.3642496166261335,-2.7967573509732753,1.0,test
2.518892617573046,0.9382179299419086,0.0,test
-0.7287150390219843,-0.7032385328271492,0.0,test
-1.8706008386277446,-0.3532942395612533,0.0,test
0.5991216459592822,-2.1957286203760695,1.0,test
1.4211706025998792,0.2217129643972662,0.0,test
0.17824865271388315,-1.1660930280764048,1.0,test
1.1635140626601783,-1.3589883061613504,1.0,test
-0.27468241563773915,-0.640698873381406,0.0,test
-0.8016387800045779,0.4762029955923186,1.0,test
-0.500976083761029,-0.1025808789187369,0.0,test
-0.13327972301437724,0.25091359196926744,1.0,test
0.9030602753950945,0.053970652940658455,0.0,test
0.5676917330841493,1.4603110581865342,0.0,test
-0.7320308885288768,0.5430711470186984,1.0,test
1.3322441300033399,0.8117196295614147,0.0,test
-0.6331214595157485,-0.021571106171609164,0.0,test
1.5782431274686861,1.4669143176475146,0.0,test
-1.2299377020749174,0.21699958454050866,1.0,test
-0.5360272609852843,-1.0684204247728093,0.0,test
0.12677804110764648,-0.13238802906495212,1.0,test
0.12997923317398635,-1.073818187007627,1.0,test
-1.4048833139714954,-2.07298774880797,0.0,test
-0.8905218510848621,1.0807401371778276,1.0,test
-1.431403684340066,-0.42651711170616063,0.0,test
0.4441766499515815,1.1414384027523863,0.0,test
0.09679006408071178,-0.6753935621872066,1.0,test
-0.013852086049541008,0.4963578359223226,1.0,test
0.5090704676568514,-0.6774954222945807,1.0,test
0.5446453547164333,-0.35634176693254677,1.0,test
-0.32422453722611266,-0.3721426447490884,0.0,test
-1.5062405922180941,0.16803371918645896,1.0,test
0.786642049284257,-0.14764424167354886,1.0,test
-1.0788166252698592,-0.11169390047603828,0.0,test
0.13245051467169555,-2.0574380074020686,1.0,test
1.047241764705695,0.5047987932774382,0.0,test
-0.6903613373338512,-1.0217562961951765,0.0,test
0.5972044495060187,-1.8251794380107658,1.0,test
0.3941249566531469,-0.06979385342091489,1.0,test
1.5409459553817193,1.0939363654867365,0.0,test
1.1685491562501427,0.690533230205985,0.0,test
0.4926197371446286,0.6148306565775665,0.0,test
-0.17293947823858652,-1.619513873270295,0.0,test
0.15423013308988281,-2.1324004126766503,1.0,test
0.9358132758684855,-0.3779996370566355,1.0,test
-2.419227004408152,0.639885816799772,1.0,test
1.3651443418362785,-1.7043471918881894,1.0,test
0.060184750798309476,0.1982344731787455,0.0,test
-0.9712946299070305,-1.5387019602195715,0.0,test
0.6310959884603257,-1.444980265516102,1.0,test
-1.058472049288139,0.3731180307277245,1.0,test
-0.014765758988194008,0.1729837131019401,1.0,test
-1.6238323284408893,-0.5995616407411954,0.0,test
-0.9172263826477751,0.7638044275717275,1.0,test
0.0698254823149453,1.2366082768441797,0.0,test
-0.9641295718541514,-0.4365498479790385,0.0,test
0.9026424881453408,1.2823746073622975,0.0,test
-1.5128230849773552,1.4466759085499297,1.0,test
-0.7495456481468147,-0.7730830995971042,0.0,test
0.19515481047402938,-0.27206126005372355,1.0,test
-1.0213322983643176,0.9527880661911396,1.0,test
0.7239241319189671,1.9969627301804922,0.0,test
-0.4526873116124945,-1.372646651697852,0.0,test
-0.6458004755095734,0.6663213787271715,1.0,test
-0.4453378889581974,-1.5475254083572363,0.0,test
0.8392111886771313,0.1412571179532048,1.0,test
0.7557555776617777,-0.5697176267360677,1.0,test
1.4962737175952363,0.5389164709086248,0.0,test
-1.1453085018792468,0.10855235569649795,1.0,test
-1.758548076109935,1.617528731673498,1.0,test
-1.0651061028073827,1.157955213904607,1.0,test
-0.21353158241746856,-2.4121514246728384,0.0,test
1.823564591915817,-1.8026001833531462,0.0,test
0.6564752512588923,-0.964883721917885,1.0,test
-0.39088461944176545,2.425773351992599,1.0,test
0.7378718571084418,-1.8117412470276573,1.0,test
0.5526330219477159,0.04107971736048599,0.0,test
1.5177350866385473,-0.46864267193518416,1.0,test
-1.5733611868194084,0.39177778589830403,1.0,test
-1.6422049508005891,-1.4802652149549385,0.0,test
0.317952134779569,0.5409678582416979,0.0,test
0.4712087107685683,1.0876411811325584,0.0,test
-0.17264626085175985,1.0263277610926282,1.0,test
0.9912101362970874,0.4981921937155384,0.0,test
-0.4279066116499973,-0.4585649181090876,0.0,test
0.6463403252735581,1.2136343995869656,0.0,test
1.8049912105399113,-0.03356959187740008,1.0,test
0.22059456129877367,0.27339762965030123,0.0,test
-0.01824567976192375,-0.30819150880021035,0.0,test
0.656883094906843,-0.07910529405263002,1.0,test
0.34110026095433416,0.782869448552937,0.0,test
-0.09193292188637435,-1.0849197721816353,0.0,test
-0.3533495927274206,0.5494348397009429,1.0,test
0.5599842401435046,-0.18306983004179717,1.0,test
0.9323105168733625,0.5847194893038578,0.0,test
-0.09990825720244595,1.2815829180827314,1.0,test
0.22372125012849198,1.8833481874722253,0.0,test
-0.797845760316302,1.24933857345345,1.0,test
-0.20816269239587967,-0.0035057670775413014,0.0,test
1.0155766643272803,0.29996308763981777,0.0,test
-0.7667414373232205,0.5015012502204029,1.0,test
-0.5289266013025672,-0.2084604743847723,0.0,test
1.2686740439074695,1.4994729752271712,0.0,test
0.961563009664492,0.6695308281239579,0.0,test
0.4179932730139288,-0.14906766173879696,1.0,test
0.09433233278111716,-0.4876501291777799,1.0,test
-0.884713692159256,0.13856425088285934,1.0,test
-0.8696801613094042,-0.46690786119125494,0.0,test
0.8637797567106124,0.19775945186119312,0.0,test
-0.02655998991647718,0.6237748885420592,1.0,test
-2.268922512861015,-0.6631692500266168,0.0,test
-0.73935298291988,-0.6493400964483258,0.0,test
-0.06274325848722706,0.11952849136845725,1.0,test
-0.11795620513341153,0.18214328475052144,1.0,test
-1.2921347688490357,0.5642093326887067,1.0,test
0.6331724467923939,-0.9055902431631729,1.0,test
0.5295389941426529,0.0675342722159723,0.0,test
-1.177325710565014,-1.199666850688692,0.0,test
0.2612670392907809,1.1415067602754048,0.0,test
0.9701222793089967,1.0836819557606503,0.0,test
-1.1799909809518268,-0.13313275519887569,0.0,test
0.6477271107149427,0.8428470365596228,0.0,test
-1.4802229029618819,1.3432246809830395,1.0,test
0.2110939737334999,0.44496122573390207,0.0,test
-0.02045630069703747,-0.2554087254871785,0.0,test
-0.5083171616216086,-0.313428787987295,0.0,test
-0.5660488651685904,3.405747106649745,1.0,test
-0.2161974126801254,0.9703032987004628,1.0,test
0.29013677348840705,-1.796315975518788,1.0,test
1.2480658017959805,-0.6338316681307238,1.0,test
-0.433425019492692,-0.4747395800525139,0.0,test
-0.9849097216256327,-0.0455074530605985,0.0,test
-1.468761251630086,0.2862800472792462,1.0,test
-0.9683570840201213,-0.750102947042915,0.0,test
-0.9166079102686935,0.6679626554987496,1.0,test
-0.09972623917812555,0.48133462854269743,1.0,test
0.2566344861204901,1.6715702149263738,0.0,test
-1.049431916918199,-1.1485730417059206,0.0,test
-0.21058120929700042,-1.21703900836578,0.0,test
-0.8413239240189486,-0.7107361548002157,0.0,test
0.9977590683887798,0.12871426713232026,0.0,test
-0.005663076217077411,-1.4115901864796578,0.0,test
0.3703499653062068,0.3942087021333258,0.0,test
-0.42241256899169927,0.23163620361881593,0.0,test
-1.3808159743637376,1.2760414412110785,1.0,test
-1.5074600282615354,0.9668732789433717,0.0,test
0.03494904967029012,-0.6278923885819209,1.0,test
-0.4753960544962265,-0.09894799455586623,0.0,test
0.193897134055459,-1.0802617544615107,1.0,test
-0.19156478042830663,1.1414090078614572,1.0,test
1.1915025256792249,-0.02181639572378244,1.0,test
-0.47640315345251033,0.5961869224255104,1.0,test
0.4163258883260533,0.4645004883210027,0.0,test
1.5101912453716708,-0.20804566509784914,1.0,test
0.4001381384713636,-1.6196750322461337,1.0,test
0.1447119660739988,-0.3254400757207204,1.0,test
-0.6076196458571808,-0.1768517071999347,0.0,test
0.9994845775619712,1.9702397891124888,0.0,test
2.0891098603852933,0.396367429947356,0.0,test
0.22299168632775235,-0.6085917589941879,1.0,test
-0.13609542601145388,-0.6387735838761528,1.0,test
0.7678473533554478,-0.526472459846866,0.0,test
0.07473340062679758,0.5577552828342923,0.0,test
1.2862766521570113,0.35205274742622517,0.0,test
0.5018280638606841,-0.06441004743970234,1.0,test
-0.540521461497346,-1.984597850745623,0.0,test
-1.9551303615561022,-1.6962953946460801,1.0,test
0.2953328474809943,0.8834059206722569,0.0,test
0.8051491121991821,0.2573943456979785,0.0,test
0.571813808460201,-1.1787178772833042,1.0,test
1.3358480629773652,0.7782751375670011,0.0,test
0.5386617999836898,0.03981055913921261,0.0,test
0.044592984956238896,0.824996692728884,0.0,test
0.27576771087277,0.4857424066887047,0.0,test
-0.4335526262314881,-0.34613340917785923,0.0,test
0.7315459449052186,-1.3058114545948643,1.0,test
1.9572306698537536,-0.6110825137465056,1.0,test
1.3677075338149889,1.5100838040544338,0.0,test
0.8986503832846969,-1.1742235598430817,1.0,test
-0.11020917759961285,0.8114461734458921,1.0,test
1.1538655833328109,-2.387548908251107,1.0,test
1.0592133561033557,1.6396057399451798,1.0,test
0.20709396702397093,0.6059624867332447,0.0,test
1.1774475983060269,1.3446731612287226,0.0,test
1.30058717954197,3.001649720785976,0.0,test
0.5350211230763464,-0.5189649601343294,1.0,test
1.6731704484433538,0.4304801751235192,0.0,test
-0.9190626489440771,-1.7298629904122502,0.0,test
0.8227573133163627,-0.2559248903951458,1.0,test
0.8464703795126101,1.3003290330453687,0.0,test
1.2100489796456215,-1.3155837323313249,1.0,test
-0.07679543650474555,0.4436357690845511,1.0,test
1.9466857643329094,2.521163603452969,0.0,test
-0.16564610430162627,1.0502375329095786,1.0,test
-0.7547549841943256,0.44860002189710796,1.0,test
0.5635068424628398,0.5162281261036826,0.0,test
-0.4520437912464577,-0.9352666330464328,0.0,test
1.629268078251367,-0.9591327557723593,0.0,test
-0.3333436834116049,1.1702723134611355,1.0,test
1.212820032741831,0.723273831680382,0.0,test
-1.342215655521871,0.09516124742248135,1.0,test
0.98630471780333,-0.8839279159878637,1.0,test
1.0108916851104492,0.1384566568269526,0.0,test
-0.43930785012204715,1.178190479074712,1.0,test
0.2288739869907066,0.31747293750018085,0.0,test
0.40603917608211326,1.1607930690281645,0.0,test
0.03262431224297649,-0.34677171650389604,1.0,test
1.1613723100103335,1.0635327127878713,0.0,test
-0.09978989183165708,-0.8245393313138836,0.0,test
0.015319841431601845,1.3821498571354882,0.0,test
-0.6549449126991602,-0.9816520812055045,0.0,test
-2.405127918018306,-0.5111462995016025,0.0,test
0.21921016050919623,0.587872821960494,0.0,test
-1.0656026590106613,0.03841898670622443,1.0,test
-0.17854876016487578,-0.6218340645351419,0.0,test
0.5794322753073947,0.35753311089106804,0.0,test
-0.6061479088505708,-1.1834201735315448,0.0,test
0.7037835190126341,-0.11597343442474704,1.0,test
-0.24904584138058705,0.03943426234145533,1.0,test
-0.8009887376048745,-0.16496075771871896,0.0,test
0.5261438049096208,-0.11502594231861361,1.0,test
-0.7797267185595819,0.6099815623519844,1.0,test
0.49743172322594764,1.74939897420522,0.0,test
-0.2635779688797388,1.1611764119076375,1.0,test
0.7133570416826652,-1.5338853075970418,1.0,test
-0.41132441999981423,0.1914029939097948,1.0,test
0.007458499176675054,0.7084884027989837,0.0,test
-1.4807905833073152,1.1821195666987148,1.0,test
0.24583573228286423,-1.372675714335692,1.0,test
0.6590524784555895,-1.3800889027301604,1.0,test
0.19336310601002843,-0.014039073261960817,1.0,test
1.6794092208155291,-2.043606419404824,1.0,test
-0.5606189260021953,0.47596457747394133,1.0,test
0.836298873581682,-1.8189549501881095,1.0,test
-0.8084873755468583,-0.5399430605810966,0.0,test
0.9762258974776816,1.9435743538497776,0.0,test
0.562078764319537,-0.061206050858884586,1.0,test
0.18449857702948133,-0.6665918078099987,0.0,test
0.933576987695006,-0.2721519558768482,1.0,test
1.9406169145292356,-2.2605325019625453,1.0,test
-1.3731437845097352,1.6922056388691396,1.0,test
-1.4079467399429948,0.13809920325513242,1.0,test
-2.4351387043900563,1.1089111116709731,1.0,test
2.459679117526646,-0.5726175359386935,1.0,test
-1.0984098532974342,0.7056677394130887,1.0,test
3.4328098318703293,-0.03192710305954077,1.0,test
-0.03224995571279257,0.9935446816482995,1.0,test
-0.3751863938802453,-0.6299017029664594,0.0,test
-0.5911064639811177,0.6059819960651147,1.0,test
0.009584688510142264,-1.1042367467888365,1.0,test
2.0967403003085856,1.8654040717121256,0.0,test
0.421046512065846,-0.3861730632921093,0.0,test
-0.5492095985559745,-1.3537642629372706,0.0,test
-1.52741398130117,-1.1358350716365728,0.0,test
-0.6933701434568953,0.9480238629718025,1.0,test
-1.2794351216398154,0.9075022370710902,1.0,test
-1.830545183462936,1.0263864418135118,1.0,test
-1.530692447956488,2.0442948179483986,1.0,test
1.4708538942924205,0.4367768367201333,0.0,test
1.3157125030453458,0.7435718481430593,0.0,test
0.6211913907304272,1.68760411812009,0.0,test
-0.46134385364722125,0.05309452527341973,1.0,test
1.1722432375424516,0.5250852412145769,0.0,test
-0.5452993993246328,-1.4157275749485474,0.0,test
-0.30483539822168376,1.1485379636426192,1.0,test
-0.01585562637122821,1.1755349907574115,1.0,test
-0.11377515884599863,-0.7361363971539419,0.0,test
-0.3434431863014588,-1.1121121507550848,1.0,test
0.9190534499376333,-0.2983383873885857,1.0,test
-0.8525907953224419,-0.6950467588682592,0.0,test
0.7133483152897558,0.5390224831351585,0.0,test
0.6533146715105228,-1.0336536432200771,1.0,test
-1.396618986861123,-1.5180262777550417,0.0,test
-0.3428551762787954,-0.3244963120444081,0.0,test
1.0443504944910664,-0.3652247101063814,1.0,test
-0.5188891359625729,0.92494916450081,1.0,test
-2.123743748376752,-1.031906230918933,0.0,test
-0.964955798002686,0.552773676015448,1.0,test
0.8172406576817598,0.7638828178462076,0.0,test
-0.8767987844673203,0.7668358615288358,1.0,test
0.633778503072935,0.981384663203868,0.0,test
0.6842062307532544,-0.6433784216639664,1.0,test
-0.13369635997010304,-0.8458020033543182,0.0,test
0.33811340883807733,0.30362470978821327,0.0,test
-0.771984499741365,1.392851905584975,1.0,test
-1.1605593413805555,-0.18274722824800613,0.0,test
-1.1739172861837786,-0.7496291548744016,0.0,test
-0.05683547800706265,1.0950141819631738,1.0,test
1.6719521794270256,0.7368922004049613,0.0,test
-1.0924013750131938,-0.6697128417102564,0.0,test
0.34006460575434505,-0.8215067024463152,1.0,test
0.5318893135870264,-0.628174095718864,1.0,test
-1.3516395474479017,0.04446132019182986,1.0,test
1.2205381522218681,-0.2517118693522369,1.0,test
0.3307948333994547,-2.1565466778588314,1.0,test
1.1523402305708987,0.38262861422573585,0.0,test
0.0697091436580764,0.5392038158049868,0.0,test
1.2694121435028363,1.265730964137971,0.0,test
0.46480956035288395,-0.9845790705920971,1.0,test
-0.9251253748398428,0.5495941003012847,1.0,test
0.12489704603654411,0.3118647034155246,0.0,test
0.7988538557031385,0.6524610482804254,0.0,test
-0.5168735518363653,-0.41775969202287294,0.0,test
-0.2485771391588118,-0.46529111753501196,0.0,test
-0.34672765491688134,-0.33196102364134855,0.0,test
-1.952592293048026,1.0972402001028168,1.0,test
-1.4899402853198607,0.28409948170092153,1.0,test
-0.0740683843310341,-0.02047727020548801,0.0,test
1.2471438177845038,1.0408387357643085,0.0,test
0.4128197442454645,-0.07512529719259503,1.0,test
-0.7254428684159021,1.4889355737634618,1.0,test
-1.2068943202552027,-0.004653297483392408,0.0,test
-0.3743361239958793,0.07263346944215555,0.0,test
-0.6185317392659282,1.3723855594567191,1.0,test
-1.0294212664957014,1.211031546470241,1.0,test
-0.07465972035204901,0.3284918806287371,1.0,test
-0.2366046608646168,0.005688445793003133,1.0,test
1.098762580503283,0.4414779743596356,0.0,test
1.6004696712248268,-1.2405415590110296,1.0,test
-0.7441477027223705,-1.3909951638519922,0.0,test
0.09950008912657383,-1.4559772564918054,1.0,test
-0.8675718752194485,-1.3697859085707942,0.0,test
-1.5614635926551508,-0.10607744729454693,0.0,test
0.2826240424547735,-0.3199697608916434,1.0,test
0.22995394009705306,-0.6104219141552556,1.0,test
-0.9359448087035683,-1.0551628560292858,0.0,test
1.7052181822024444,-0.421244507708571,1.0,test
0.8472812296757917,-2.4149854642652766,1.0,test
1.820133202802463,0.0540462850608464,1.0,test
-0.6684953954712536,-0.3133530564092265,0.0,test
0.7098823411506864,-0.12048694208354388,1.0,test
0.7174254880374727,-0.31744847109715846,1.0,test
0.21532447526186319,-0.8296881423981661,1.0,test
-0.1438182104046181,0.35775079589883435,1.0,test
-0.620404894735415,-0.24096106111657262,0.0,test
-0.3215911608219358,-0.22155682643486774,0.0,test
-1.3314254192340564,-0.6433857108336801,0.0,test
-0.41197895523493755,0.5261194815252797,1.0,test
-0.13058904617151287,2.0772771710462528,1.0,test
1.095082442475863,-1.0648456305723812,1.0,test
